1,Priyanshu
2,Vikas
3,Arpit
4,Ritesh
5,Sajal
6,Satya
7,Priyanshu
8,Vikas
9,Arpit
10,Ritesh
11,Sajal
12,Satya
13,Priyanshu
14,Vikas
15,Arpit
16,Ritesh
17,Sajal
18,Satya
19,Priyanshu
20,Vikas
21,Arpit
22,Ritesh
23,Sajal
24,Satya
25,Priyanshu
26,Vikas
27,Arpit
28,Ritesh
29,Sajal
30,Satya
31,Priyanshu
32,Vikas
33,Arpit
34,Ritesh
35,Sajal
36,Satya
37,Priyanshu
38,Vikas
39,Arpit
40,Ritesh
41,Sajal
42,Satya
43,Priyanshu
44,Vikas
45,Arpit
46,Ritesh
47,Sajal
48,Satya
49,Priyanshu
50,Vikas
51,Arpit
52,Ritesh
53,Sajal
54,Satya
55,Priyanshu
56,Vikas
57,Arpit
58,Ritesh
59,Sajal
60,Satya
61,Priyanshu
62,Vikas
63,Arpit
64,Ritesh
65,Sajal
66,Satya
67,Priyanshu
68,Vikas
69,Arpit
70,Ritesh
71,Sajal
72,Satya
73,Priyanshu
74,Vikas
75,Arpit
76,Ritesh
77,Sajal
78,Satya
79,Priyanshu
80,Vikas
81,Arpit
82,Ritesh
83,Sajal
84,Satya
85,Priyanshu
86,Vikas
87,Arpit
88,Ritesh
89,Sajal
90,Satya
91,Priyanshu
92,Vikas
93,Arpit
94,Ritesh
95,Sajal
96,Satya
97,Priyanshu
98,Vikas
99,Arpit
100,Ritesh
101,Sajal
102,Satya
103,Priyanshu
104,Vikas
105,Arpit
106,Ritesh
107,Sajal
108,Satya
109,Priyanshu
110,Vikas
111,Arpit
112,Ritesh
113,Sajal
114,Satya
115,Priyanshu
116,Vikas
117,Arpit
118,Ritesh
119,Sajal
120,Satya
121,Priyanshu
122,Vikas
123,Arpit
124,Ritesh
125,Sajal
126,Satya
127,Priyanshu
128,Vikas
129,Arpit
130,Ritesh
131,Sajal
132,Satya
133,Priyanshu
134,Vikas
135,Arpit
136,Ritesh
137,Sajal
138,Satya
139,Priyanshu
140,Vikas
141,Arpit
142,Ritesh
143,Sajal
144,Satya
145,Priyanshu
146,Vikas
147,Arpit
148,Ritesh
149,Sajal
150,Satya
151,Priyanshu
152,Vikas
153,Arpit
154,Ritesh
155,Sajal
156,Satya
157,Priyanshu
158,Vikas
159,Arpit
160,Ritesh
161,Sajal
162,Satya
163,Priyanshu
164,Vikas
165,Arpit
166,Ritesh
167,Sajal
168,Satya
169,Priyanshu
170,Vikas
171,Arpit
172,Ritesh
173,Sajal
174,Satya
175,Priyanshu
176,Vikas
177,Arpit
178,Ritesh
179,Sajal
180,Satya
181,Priyanshu
182,Vikas
183,Arpit
184,Ritesh
185,Sajal
186,Satya
187,Priyanshu
188,Vikas
189,Arpit
190,Ritesh
191,Sajal
192,Satya
193,Priyanshu
194,Vikas
195,Arpit
196,Ritesh
197,Sajal
198,Satya
199,Priyanshu
200,Vikas
201,Arpit
202,Ritesh
203,Sajal
204,Satya
205,Priyanshu
206,Vikas
207,Arpit
208,Ritesh
209,Sajal
210,Satya
211,Priyanshu
212,Vikas
213,Arpit
214,Ritesh
215,Sajal
216,Satya
217,Priyanshu
218,Vikas
219,Arpit
220,Ritesh
221,Sajal
222,Satya
223,Priyanshu
224,Vikas
225,Arpit
226,Ritesh
227,Sajal
228,Satya
229,Priyanshu
230,Vikas
231,Arpit
232,Ritesh
233,Sajal
234,Satya
235,Priyanshu
236,Vikas
237,Arpit
238,Ritesh
239,Sajal
240,Satya
241,Priyanshu
242,Vikas
243,Arpit
244,Ritesh
245,Sajal
246,Satya
247,Priyanshu
248,Vikas
249,Arpit
250,Ritesh
251,Sajal
252,Satya
253,Priyanshu
254,Vikas
255,Arpit
256,Ritesh
257,Sajal
258,Satya
259,Priyanshu
260,Vikas
261,Arpit
262,Ritesh
263,Sajal
264,Satya
265,Priyanshu
266,Vikas
267,Arpit
268,Ritesh
269,Sajal
270,Satya
271,Priyanshu
272,Vikas
273,Arpit
274,Ritesh
275,Sajal
276,Satya
277,Priyanshu
278,Vikas
279,Arpit
280,Ritesh
281,Sajal
282,Satya
283,Priyanshu
284,Vikas
285,Arpit
286,Ritesh
287,Sajal
288,Satya
289,Priyanshu
290,Vikas
291,Arpit
292,Ritesh
293,Sajal
294,Satya
295,Priyanshu
296,Vikas
297,Arpit
298,Ritesh
299,Sajal
300,Satya
301,Priyanshu
302,Vikas
303,Arpit
304,Ritesh
305,Sajal
306,Satya
307,Priyanshu
308,Vikas
309,Arpit
310,Ritesh
311,Sajal
312,Satya
313,Priyanshu
314,Vikas
315,Arpit
316,Ritesh
317,Sajal
318,Satya
319,Priyanshu
320,Vikas
321,Arpit
322,Ritesh
323,Sajal
324,Satya
325,Priyanshu
326,Vikas
327,Arpit
328,Ritesh
329,Sajal
330,Satya
331,Priyanshu
332,Vikas
333,Arpit
334,Ritesh
335,Sajal
336,Satya
337,Priyanshu
338,Vikas
339,Arpit
340,Ritesh
341,Sajal
342,Satya
343,Priyanshu
344,Vikas
345,Arpit
346,Ritesh
347,Sajal
348,Satya
349,Priyanshu
350,Vikas
351,Arpit
352,Ritesh
353,Sajal
354,Satya
355,Priyanshu
356,Vikas
357,Arpit
358,Ritesh
359,Sajal
360,Satya
361,Priyanshu
362,Vikas
363,Arpit
364,Ritesh
365,Sajal
366,Satya
367,Priyanshu
368,Vikas
369,Arpit
370,Ritesh
371,Sajal
372,Satya
373,Priyanshu
374,Vikas
375,Arpit
376,Ritesh
377,Sajal
378,Satya
379,Priyanshu
380,Vikas
381,Arpit
382,Ritesh
383,Sajal
384,Satya
385,Priyanshu
386,Vikas
387,Arpit
388,Ritesh
389,Sajal
390,Satya
391,Priyanshu
392,Vikas
393,Arpit
394,Ritesh
395,Sajal
396,Satya
397,Priyanshu
398,Vikas
399,Arpit
400,Ritesh
401,Sajal
402,Satya
403,Priyanshu
404,Vikas
405,Arpit
406,Ritesh
407,Sajal
408,Satya
409,Priyanshu
410,Vikas
411,Arpit
412,Ritesh
413,Sajal
414,Satya
415,Priyanshu
416,Vikas
417,Arpit
418,Ritesh
419,Sajal
420,Satya
421,Priyanshu
422,Vikas
423,Arpit
424,Ritesh
425,Sajal
426,Satya
427,Priyanshu
428,Vikas
429,Arpit
430,Ritesh
431,Sajal
432,Satya
433,Priyanshu
434,Vikas
435,Arpit
436,Ritesh
437,Sajal
438,Satya
439,Priyanshu
440,Vikas
441,Arpit
442,Ritesh
443,Sajal
444,Satya
445,Priyanshu
446,Vikas
447,Arpit
448,Ritesh
449,Sajal
450,Satya
451,Priyanshu
452,Vikas
453,Arpit
454,Ritesh
455,Sajal
456,Satya
457,Priyanshu
458,Vikas
459,Arpit
460,Ritesh
461,Sajal
462,Satya
463,Priyanshu
464,Vikas
465,Arpit
466,Ritesh
467,Sajal
468,Satya
469,Priyanshu
470,Vikas
471,Arpit
472,Ritesh
473,Sajal
474,Satya
475,Priyanshu
476,Vikas
477,Arpit
478,Ritesh
479,Sajal
480,Satya
481,Priyanshu
482,Vikas
483,Arpit
484,Ritesh
485,Sajal
486,Satya
487,Priyanshu
488,Vikas
489,Arpit
490,Ritesh
491,Sajal
492,Satya
493,Priyanshu
494,Vikas
495,Arpit
496,Ritesh
497,Sajal
498,Satya
499,Priyanshu
500,Vikas
501,Arpit
502,Ritesh
503,Sajal
504,Satya
505,Priyanshu
506,Vikas
507,Arpit
508,Ritesh
509,Sajal
510,Satya
511,Priyanshu
512,Vikas
513,Arpit
514,Ritesh
515,Sajal
516,Satya
517,Priyanshu
518,Vikas
519,Arpit
520,Ritesh
521,Sajal
522,Satya
523,Priyanshu
524,Vikas
525,Arpit
526,Ritesh
527,Sajal
528,Satya
529,Priyanshu
530,Vikas
531,Arpit
532,Ritesh
533,Sajal
534,Satya
535,Priyanshu
536,Vikas
537,Arpit
538,Ritesh
539,Sajal
540,Satya
541,Priyanshu
542,Vikas
543,Arpit
544,Ritesh
545,Sajal
546,Satya
547,Priyanshu
548,Vikas
549,Arpit
550,Ritesh
551,Sajal
552,Satya
553,Priyanshu
554,Vikas
555,Arpit
556,Ritesh
557,Sajal
558,Satya
559,Priyanshu
560,Vikas
561,Arpit
562,Ritesh
563,Sajal
564,Satya
565,Priyanshu
566,Vikas
567,Arpit
568,Ritesh
569,Sajal
570,Satya
571,Priyanshu
572,Vikas
573,Arpit
574,Ritesh
575,Sajal
576,Satya
577,Priyanshu
578,Vikas
579,Arpit
580,Ritesh
581,Sajal
582,Satya
583,Priyanshu
584,Vikas
585,Arpit
586,Ritesh
587,Sajal
588,Satya
589,Priyanshu
590,Vikas
591,Arpit
592,Ritesh
593,Sajal
594,Satya
595,Priyanshu
596,Vikas
597,Arpit
598,Ritesh
599,Sajal
600,Satya
601,Priyanshu
602,Vikas
603,Arpit
604,Ritesh
605,Sajal
606,Satya
607,Priyanshu
608,Vikas
609,Arpit
610,Ritesh
611,Sajal
612,Satya
613,Priyanshu
614,Vikas
615,Arpit
616,Ritesh
617,Sajal
618,Satya
619,Priyanshu
620,Vikas
621,Arpit
622,Ritesh
623,Sajal
624,Satya
625,Priyanshu
626,Vikas
627,Arpit
628,Ritesh
629,Sajal
630,Satya
631,Priyanshu
632,Vikas
633,Arpit
634,Ritesh
635,Sajal
636,Satya
637,Priyanshu
638,Vikas
639,Arpit
640,Ritesh
641,Sajal
642,Satya
643,Priyanshu
644,Vikas
645,Arpit
646,Ritesh
647,Sajal
648,Satya
649,Priyanshu
650,Vikas
651,Arpit
652,Ritesh
653,Sajal
654,Satya
655,Priyanshu
656,Vikas
657,Arpit
658,Ritesh
659,Sajal
660,Satya
661,Priyanshu
662,Vikas
663,Arpit
664,Ritesh
665,Sajal
666,Satya
667,Priyanshu
668,Vikas
669,Arpit
670,Ritesh
671,Sajal
672,Satya
673,Priyanshu
674,Vikas
675,Arpit
676,Ritesh
677,Sajal
678,Satya
679,Priyanshu
680,Vikas
681,Arpit
682,Ritesh
683,Sajal
684,Satya
685,Priyanshu
686,Vikas
687,Arpit
688,Ritesh
689,Sajal
690,Satya
691,Priyanshu
692,Vikas
693,Arpit
694,Ritesh
695,Sajal
696,Satya
697,Priyanshu
698,Vikas
699,Arpit
700,Ritesh
701,Sajal
702,Satya
703,Priyanshu
704,Vikas
705,Arpit
706,Ritesh
707,Sajal
708,Satya
709,Priyanshu
710,Vikas
711,Arpit
712,Ritesh
713,Sajal
714,Satya
715,Priyanshu
716,Vikas
717,Arpit
718,Ritesh
719,Sajal
720,Satya
721,Priyanshu
722,Vikas
723,Arpit
724,Ritesh
725,Sajal
726,Satya
727,Priyanshu
728,Vikas
729,Arpit
730,Ritesh
731,Sajal
732,Satya
733,Priyanshu
734,Vikas
735,Arpit
736,Ritesh
737,Sajal
738,Satya
739,Priyanshu
740,Vikas
741,Arpit
742,Ritesh
743,Sajal
744,Satya
745,Priyanshu
746,Vikas
747,Arpit
748,Ritesh
749,Sajal
750,Satya
751,Priyanshu
752,Vikas
753,Arpit
754,Ritesh
755,Sajal
756,Satya
757,Priyanshu
758,Vikas
759,Arpit
760,Ritesh
761,Sajal
762,Satya
763,Priyanshu
764,Vikas
765,Arpit
766,Ritesh
767,Sajal
768,Satya
769,Priyanshu
770,Vikas
771,Arpit
772,Ritesh
773,Sajal
774,Satya
775,Priyanshu
776,Vikas
777,Arpit
778,Ritesh
779,Sajal
780,Satya
781,Priyanshu
782,Vikas
783,Arpit
784,Ritesh
785,Sajal
786,Satya
787,Priyanshu
788,Vikas
789,Arpit
790,Ritesh
791,Sajal
792,Satya
793,Priyanshu
794,Vikas
795,Arpit
796,Ritesh
797,Sajal
798,Satya
799,Priyanshu
800,Vikas
801,Arpit
802,Ritesh
803,Sajal
804,Satya
805,Priyanshu
806,Vikas
807,Arpit
808,Ritesh
809,Sajal
810,Satya
811,Priyanshu
812,Vikas
813,Arpit
814,Ritesh
815,Sajal
816,Satya
817,Priyanshu
818,Vikas
819,Arpit
820,Ritesh
821,Sajal
822,Satya
823,Priyanshu
824,Vikas
825,Arpit
826,Ritesh
827,Sajal
828,Satya
829,Priyanshu
830,Vikas
831,Arpit
832,Ritesh
833,Sajal
834,Satya
835,Priyanshu
836,Vikas
837,Arpit
838,Ritesh
839,Sajal
840,Satya
841,Priyanshu
842,Vikas
843,Arpit
844,Ritesh
845,Sajal
846,Satya
847,Priyanshu
848,Vikas
849,Arpit
850,Ritesh
851,Sajal
852,Satya
853,Priyanshu
854,Vikas
855,Arpit
856,Ritesh
857,Sajal
858,Satya
859,Priyanshu
860,Vikas
861,Arpit
862,Ritesh
863,Sajal
864,Satya
865,Priyanshu
866,Vikas
867,Arpit
868,Ritesh
869,Sajal
870,Satya
871,Priyanshu
872,Vikas
873,Arpit
874,Ritesh
875,Sajal
876,Satya
877,Priyanshu
878,Vikas
879,Arpit
880,Ritesh
881,Sajal
882,Satya
883,Priyanshu
884,Vikas
885,Arpit
886,Ritesh
887,Sajal
888,Satya
889,Priyanshu
890,Vikas
891,Arpit
892,Ritesh
893,Sajal
894,Satya
895,Priyanshu
896,Vikas
897,Arpit
898,Ritesh
899,Sajal
900,Satya
901,Priyanshu
902,Vikas
903,Arpit
904,Ritesh
905,Sajal
906,Satya
907,Priyanshu
908,Vikas
909,Arpit
910,Ritesh
911,Sajal
912,Satya
913,Priyanshu
914,Vikas
915,Arpit
916,Ritesh
917,Sajal
918,Satya
919,Priyanshu
920,Vikas
921,Arpit
922,Ritesh
923,Sajal
924,Satya
925,Priyanshu
926,Vikas
927,Arpit
928,Ritesh
929,Sajal
930,Satya
931,Priyanshu
932,Vikas
933,Arpit
934,Ritesh
935,Sajal
936,Satya
937,Priyanshu
938,Vikas
939,Arpit
940,Ritesh
941,Sajal
942,Satya
943,Priyanshu
944,Vikas
945,Arpit
946,Ritesh
947,Sajal
948,Satya
949,Priyanshu
950,Vikas
951,Arpit
952,Ritesh
953,Sajal
954,Satya
955,Priyanshu
956,Vikas
957,Arpit
958,Ritesh
959,Sajal
960,Satya
961,Priyanshu
962,Vikas
963,Arpit
964,Ritesh
965,Sajal
966,Satya
967,Priyanshu
968,Vikas
969,Arpit
970,Ritesh
971,Sajal
972,Satya
973,Priyanshu
974,Vikas
975,Arpit
976,Ritesh
977,Sajal
978,Satya
979,Priyanshu
980,Vikas
981,Arpit
982,Ritesh
983,Sajal
984,Satya
985,Priyanshu
986,Vikas
987,Arpit
988,Ritesh
989,Sajal
990,Satya
991,Priyanshu
992,Vikas
993,Arpit
994,Ritesh
995,Sajal
996,Satya
997,Priyanshu
998,Vikas
999,Arpit
1000,Ritesh
1001,Sajal
1002,Satya
1003,Priyanshu
1004,Vikas
1005,Arpit
1006,Ritesh
1007,Sajal
1008,Satya
1009,Priyanshu
1010,Vikas
1011,Arpit
1012,Ritesh
1013,Sajal
1014,Satya
1015,Priyanshu
1016,Vikas
1017,Arpit
1018,Ritesh
1019,Sajal
1020,Satya
1021,Priyanshu
1022,Vikas
1023,Arpit
1024,Ritesh
1025,Sajal
1026,Satya
1027,Priyanshu
1028,Vikas
1029,Arpit
1030,Ritesh
1031,Sajal
1032,Satya
1033,Priyanshu
1034,Vikas
1035,Arpit
1036,Ritesh
1037,Sajal
1038,Satya
1039,Priyanshu
1040,Vikas
1041,Arpit
1042,Ritesh
1043,Sajal
1044,Satya
1045,Priyanshu
1046,Vikas
1047,Arpit
1048,Ritesh
1049,Sajal
1050,Satya
1051,Priyanshu
1052,Vikas
1053,Arpit
1054,Ritesh
1055,Sajal
1056,Satya
1057,Priyanshu
1058,Vikas
1059,Arpit
1060,Ritesh
1061,Sajal
1062,Satya
1063,Priyanshu
1064,Vikas
1065,Arpit
1066,Ritesh
1067,Sajal
1068,Satya
1069,Priyanshu
1070,Vikas
1071,Arpit
1072,Ritesh
1073,Sajal
1074,Satya
1075,Priyanshu
1076,Vikas
1077,Arpit
1078,Ritesh
1079,Sajal
1080,Satya
1081,Priyanshu
1082,Vikas
1083,Arpit
1084,Ritesh
1085,Sajal
1086,Satya
1087,Priyanshu
1088,Vikas
1089,Arpit
1090,Ritesh
1091,Sajal
1092,Satya
1093,Priyanshu
1094,Vikas
1095,Arpit
1096,Ritesh
1097,Sajal
1098,Satya
1099,Priyanshu
1100,Vikas
1101,Arpit
1102,Ritesh
1103,Sajal
1104,Satya
1105,Priyanshu
1106,Vikas
1107,Arpit
1108,Ritesh
1109,Sajal
1110,Satya
1111,Priyanshu
1112,Vikas
1113,Arpit
1114,Ritesh
1115,Sajal
1116,Satya
1117,Priyanshu
1118,Vikas
1119,Arpit
1120,Ritesh
1121,Sajal
1122,Satya
1123,Priyanshu
1124,Vikas
1125,Arpit
1126,Ritesh
1127,Sajal
1128,Satya
1129,Priyanshu
1130,Vikas
1131,Arpit
1132,Ritesh
1133,Sajal
1134,Satya
1135,Priyanshu
1136,Vikas
1137,Arpit
1138,Ritesh
1139,Sajal
1140,Satya
1141,Priyanshu
1142,Vikas
1143,Arpit
1144,Ritesh
1145,Sajal
1146,Satya
1147,Priyanshu
1148,Vikas
1149,Arpit
1150,Ritesh
1151,Sajal
1152,Satya
1153,Priyanshu
1154,Vikas
1155,Arpit
1156,Ritesh
1157,Sajal
1158,Satya
1159,Priyanshu
1160,Vikas
1161,Arpit
1162,Ritesh
1163,Sajal
1164,Satya
1165,Priyanshu
1166,Vikas
1167,Arpit
1168,Ritesh
1169,Sajal
1170,Satya
1171,Priyanshu
1172,Vikas
1173,Arpit
1174,Ritesh
1175,Sajal
1176,Satya
1177,Priyanshu
1178,Vikas
1179,Arpit
1180,Ritesh
1181,Sajal
1182,Satya
1183,Priyanshu
1184,Vikas
1185,Arpit
1186,Ritesh
1187,Sajal
1188,Satya
1189,Priyanshu
1190,Vikas
1191,Arpit
1192,Ritesh
1193,Sajal
1194,Satya
1195,Priyanshu
1196,Vikas
1197,Arpit
1198,Ritesh
1199,Sajal
1200,Satya
1201,Priyanshu
1202,Vikas
1203,Arpit
1204,Ritesh
1205,Sajal
1206,Satya
1207,Priyanshu
1208,Vikas
1209,Arpit
1210,Ritesh
1211,Sajal
1212,Satya
1213,Priyanshu
1214,Vikas
1215,Arpit
1216,Ritesh
1217,Sajal
1218,Satya
1219,Priyanshu
1220,Vikas
1221,Arpit
1222,Ritesh
1223,Sajal
1224,Satya
1225,Priyanshu
1226,Vikas
1227,Arpit
1228,Ritesh
1229,Sajal
1230,Satya
1231,Priyanshu
1232,Vikas
1233,Arpit
1234,Ritesh
1235,Sajal
1236,Satya
1237,Priyanshu
1238,Vikas
1239,Arpit
1240,Ritesh
1241,Sajal
1242,Satya
1243,Priyanshu
1244,Vikas
1245,Arpit
1246,Ritesh
1247,Sajal
1248,Satya
1249,Priyanshu
1250,Vikas
1251,Arpit
1252,Ritesh
1253,Sajal
1254,Satya
1255,Priyanshu
1256,Vikas
1257,Arpit
1258,Ritesh
1259,Sajal
1260,Satya
1261,Priyanshu
1262,Vikas
1263,Arpit
1264,Ritesh
1265,Sajal
1266,Satya
1267,Priyanshu
1268,Vikas
1269,Arpit
1270,Ritesh
1271,Sajal
1272,Satya
1273,Priyanshu
1274,Vikas
1275,Arpit
1276,Ritesh
1277,Sajal
1278,Satya
1279,Priyanshu
1280,Vikas
1281,Arpit
1282,Ritesh
1283,Sajal
1284,Satya
1285,Priyanshu
1286,Vikas
1287,Arpit
1288,Ritesh
1289,Sajal
1290,Satya
1291,Priyanshu
1292,Vikas
1293,Arpit
1294,Ritesh
1295,Sajal
1296,Satya
1297,Priyanshu
1298,Vikas
1299,Arpit
1300,Ritesh
1301,Sajal
1302,Satya
1303,Priyanshu
1304,Vikas
1305,Arpit
1306,Ritesh
1307,Sajal
1308,Satya
1309,Priyanshu
1310,Vikas
1311,Arpit
1312,Ritesh
1313,Sajal
1314,Satya
1315,Priyanshu
1316,Vikas
1317,Arpit
1318,Ritesh
1319,Sajal
1320,Satya
1321,Priyanshu
1322,Vikas
1323,Arpit
1324,Ritesh
1325,Sajal
1326,Satya
1327,Priyanshu
1328,Vikas
1329,Arpit
1330,Ritesh
1331,Sajal
1332,Satya
1333,Priyanshu
1334,Vikas
1335,Arpit
1336,Ritesh
1337,Sajal
1338,Satya
1339,Priyanshu
1340,Vikas
1341,Arpit
1342,Ritesh
1343,Sajal
1344,Satya
1345,Priyanshu
1346,Vikas
1347,Arpit
1348,Ritesh
1349,Sajal
1350,Satya
1351,Priyanshu
1352,Vikas
1353,Arpit
1354,Ritesh
1355,Sajal
1356,Satya
1357,Priyanshu
1358,Vikas
1359,Arpit
1360,Ritesh
1361,Sajal
1362,Satya
1363,Priyanshu
1364,Vikas
1365,Arpit
1366,Ritesh
1367,Sajal
1368,Satya
1369,Priyanshu
1370,Vikas
1371,Arpit
1372,Ritesh
1373,Sajal
1374,Satya
1375,Priyanshu
1376,Vikas
1377,Arpit
1378,Ritesh
1379,Sajal
1380,Satya
1381,Priyanshu
1382,Vikas
1383,Arpit
1384,Ritesh
1385,Sajal
1386,Satya
1387,Priyanshu
1388,Vikas
1389,Arpit
1390,Ritesh
1391,Sajal
1392,Satya
1393,Priyanshu
1394,Vikas
1395,Arpit
1396,Ritesh
1397,Sajal
1398,Satya
1399,Priyanshu
1400,Vikas
1401,Arpit
1402,Ritesh
1403,Sajal
1404,Satya
1405,Priyanshu
1406,Vikas
1407,Arpit
1408,Ritesh
1409,Sajal
1410,Satya
1411,Priyanshu
1412,Vikas
1413,Arpit
1414,Ritesh
1415,Sajal
1416,Satya
1417,Priyanshu
1418,Vikas
1419,Arpit
1420,Ritesh
1421,Sajal
1422,Satya
1423,Priyanshu
1424,Vikas
1425,Arpit
1426,Ritesh
1427,Sajal
1428,Satya
1429,Priyanshu
1430,Vikas
1431,Arpit
1432,Ritesh
1433,Sajal
1434,Satya
1435,Priyanshu
1436,Vikas
1437,Arpit
1438,Ritesh
1439,Sajal
1440,Satya
1441,Priyanshu
1442,Vikas
1443,Arpit
1444,Ritesh
1445,Sajal
1446,Satya
1447,Priyanshu
1448,Vikas
1449,Arpit
1450,Ritesh
1451,Sajal
1452,Satya
1453,Priyanshu
1454,Vikas
1455,Arpit
1456,Ritesh
1457,Sajal
1458,Satya
1459,Priyanshu
1460,Vikas
1461,Arpit
1462,Ritesh
1463,Sajal
1464,Satya
1465,Priyanshu
1466,Vikas
1467,Arpit
1468,Ritesh
1469,Sajal
1470,Satya
1471,Priyanshu
1472,Vikas
1473,Arpit
1474,Ritesh
1475,Sajal
1476,Satya
1477,Priyanshu
1478,Vikas
1479,Arpit
1480,Ritesh
1481,Sajal
1482,Satya
1483,Priyanshu
1484,Vikas
1485,Arpit
1486,Ritesh
1487,Sajal
1488,Satya
1489,Priyanshu
1490,Vikas
1491,Arpit
1492,Ritesh
1493,Sajal
1494,Satya
1495,Priyanshu
1496,Vikas
1497,Arpit
1498,Ritesh
1499,Sajal
1500,Satya
1501,Priyanshu
1502,Vikas
1503,Arpit
1504,Ritesh
1505,Sajal
1506,Satya
1507,Priyanshu
1508,Vikas
1509,Arpit
1510,Ritesh
1511,Sajal
1512,Satya
1513,Priyanshu
1514,Vikas
1515,Arpit
1516,Ritesh
1517,Sajal
1518,Satya
1519,Priyanshu
1520,Vikas
1521,Arpit
1522,Ritesh
1523,Sajal
1524,Satya
1525,Priyanshu
1526,Vikas
1527,Arpit
1528,Ritesh
1529,Sajal
1530,Satya
1531,Priyanshu
1532,Vikas
1533,Arpit
1534,Ritesh
1535,Sajal
1536,Satya
1537,Priyanshu
1538,Vikas
1539,Arpit
1540,Ritesh
1541,Sajal
1542,Satya
1543,Priyanshu
1544,Vikas
1545,Arpit
1546,Ritesh
1547,Sajal
1548,Satya
1549,Priyanshu
1550,Vikas
1551,Arpit
1552,Ritesh
1553,Sajal
1554,Satya
1555,Priyanshu
1556,Vikas
1557,Arpit
1558,Ritesh
1559,Sajal
1560,Satya
1561,Priyanshu
1562,Vikas
1563,Arpit
1564,Ritesh
1565,Sajal
1566,Satya
1567,Priyanshu
1568,Vikas
1569,Arpit
1570,Ritesh
1571,Sajal
1572,Satya
1573,Priyanshu
1574,Vikas
1575,Arpit
1576,Ritesh
1577,Sajal
1578,Satya
1579,Priyanshu
1580,Vikas
1581,Arpit
1582,Ritesh
1583,Sajal
1584,Satya
1585,Priyanshu
1586,Vikas
1587,Arpit
1588,Ritesh
1589,Sajal
1590,Satya
1591,Priyanshu
1592,Vikas
1593,Arpit
1594,Ritesh
1595,Sajal
1596,Satya
1597,Priyanshu
1598,Vikas
1599,Arpit
1600,Ritesh
1601,Sajal
1602,Satya
1603,Priyanshu
1604,Vikas
1605,Arpit
1606,Ritesh
1607,Sajal
1608,Satya
1609,Priyanshu
1610,Vikas
1611,Arpit
1612,Ritesh
1613,Sajal
1614,Satya
1615,Priyanshu
1616,Vikas
1617,Arpit
1618,Ritesh
1619,Sajal
1620,Satya
1621,Priyanshu
1622,Vikas
1623,Arpit
1624,Ritesh
1625,Sajal
1626,Satya
1627,Priyanshu
1628,Vikas
1629,Arpit
1630,Ritesh
1631,Sajal
1632,Satya
1633,Priyanshu
1634,Vikas
1635,Arpit
1636,Ritesh
1637,Sajal
1638,Satya
1639,Priyanshu
1640,Vikas
1641,Arpit
1642,Ritesh
1643,Sajal
1644,Satya
1645,Priyanshu
1646,Vikas
1647,Arpit
1648,Ritesh
1649,Sajal
1650,Satya
1651,Priyanshu
1652,Vikas
1653,Arpit
1654,Ritesh
1655,Sajal
1656,Satya
1657,Priyanshu
1658,Vikas
1659,Arpit
1660,Ritesh
1661,Sajal
1662,Satya
1663,Priyanshu
1664,Vikas
1665,Arpit
1666,Ritesh
1667,Sajal
1668,Satya
1669,Priyanshu
1670,Vikas
1671,Arpit
1672,Ritesh
1673,Sajal
1674,Satya
1675,Priyanshu
1676,Vikas
1677,Arpit
1678,Ritesh
1679,Sajal
1680,Satya
1681,Priyanshu
1682,Vikas
1683,Arpit
1684,Ritesh
1685,Sajal
1686,Satya
1687,Priyanshu
1688,Vikas
1689,Arpit
1690,Ritesh
1691,Sajal
1692,Satya
1693,Priyanshu
1694,Vikas
1695,Arpit
1696,Ritesh
1697,Sajal
1698,Satya
1699,Priyanshu
1700,Vikas
1701,Arpit
1702,Ritesh
1703,Sajal
1704,Satya
1705,Priyanshu
1706,Vikas
1707,Arpit
1708,Ritesh
1709,Sajal
1710,Satya
1711,Priyanshu
1712,Vikas
1713,Arpit
1714,Ritesh
1715,Sajal
1716,Satya
1717,Priyanshu
1718,Vikas
1719,Arpit
1720,Ritesh
1721,Sajal
1722,Satya
1723,Priyanshu
1724,Vikas
1725,Arpit
1726,Ritesh
1727,Sajal
1728,Satya
1729,Priyanshu
1730,Vikas
1731,Arpit
1732,Ritesh
1733,Sajal
1734,Satya
1735,Priyanshu
1736,Vikas
1737,Arpit
1738,Ritesh
1739,Sajal
1740,Satya
1741,Priyanshu
1742,Vikas
1743,Arpit
1744,Ritesh
1745,Sajal
1746,Satya
1747,Priyanshu
1748,Vikas
1749,Arpit
1750,Ritesh
1751,Sajal
1752,Satya
1753,Priyanshu
1754,Vikas
1755,Arpit
1756,Ritesh
1757,Sajal
1758,Satya
1759,Priyanshu
1760,Vikas
1761,Arpit
1762,Ritesh
1763,Sajal
1764,Satya
1765,Priyanshu
1766,Vikas
1767,Arpit
1768,Ritesh
1769,Sajal
1770,Satya
1771,Priyanshu
1772,Vikas
1773,Arpit
1774,Ritesh
1775,Sajal
1776,Satya
1777,Priyanshu
1778,Vikas
1779,Arpit
1780,Ritesh
1781,Sajal
1782,Satya
1783,Priyanshu
1784,Vikas
1785,Arpit
1786,Ritesh
1787,Sajal
1788,Satya
1789,Priyanshu
1790,Vikas
1791,Arpit
1792,Ritesh
1793,Sajal
1794,Satya
1795,Priyanshu
1796,Vikas
1797,Arpit
1798,Ritesh
1799,Sajal
1800,Satya
1801,Priyanshu
1802,Vikas
1803,Arpit
1804,Ritesh
1805,Sajal
1806,Satya
1807,Priyanshu
1808,Vikas
1809,Arpit
1810,Ritesh
1811,Sajal
1812,Satya
1813,Priyanshu
1814,Vikas
1815,Arpit
1816,Ritesh
1817,Sajal
1818,Satya
1819,Priyanshu
1820,Vikas
1821,Arpit
1822,Ritesh
1823,Sajal
1824,Satya
1825,Priyanshu
1826,Vikas
1827,Arpit
1828,Ritesh
1829,Sajal
1830,Satya
1831,Priyanshu
1832,Vikas
1833,Arpit
1834,Ritesh
1835,Sajal
1836,Satya
1837,Priyanshu
1838,Vikas
1839,Arpit
1840,Ritesh
1841,Sajal
1842,Satya
1843,Priyanshu
1844,Vikas
1845,Arpit
1846,Ritesh
1847,Sajal
1848,Satya
1849,Priyanshu
1850,Vikas
1851,Arpit
1852,Ritesh
1853,Sajal
1854,Satya
1855,Priyanshu
1856,Vikas
1857,Arpit
1858,Ritesh
1859,Sajal
1860,Satya
1861,Priyanshu
1862,Vikas
1863,Arpit
1864,Ritesh
1865,Sajal
1866,Satya
1867,Priyanshu
1868,Vikas
1869,Arpit
1870,Ritesh
1871,Sajal
1872,Satya
1873,Priyanshu
1874,Vikas
1875,Arpit
1876,Ritesh
1877,Sajal
1878,Satya
1879,Priyanshu
1880,Vikas
1881,Arpit
1882,Ritesh
1883,Sajal
1884,Satya
1885,Priyanshu
1886,Vikas
1887,Arpit
1888,Ritesh
1889,Sajal
1890,Satya
1891,Priyanshu
1892,Vikas
1893,Arpit
1894,Ritesh
1895,Sajal
1896,Satya
1897,Priyanshu
1898,Vikas
1899,Arpit
1900,Ritesh
1901,Sajal
1902,Satya
1903,Priyanshu
1904,Vikas
1905,Arpit
1906,Ritesh
1907,Sajal
1908,Satya
1909,Priyanshu
1910,Vikas
1911,Arpit
1912,Ritesh
1913,Sajal
1914,Satya
1915,Priyanshu
1916,Vikas
1917,Arpit
1918,Ritesh
1919,Sajal
1920,Satya
1921,Priyanshu
1922,Vikas
1923,Arpit
1924,Ritesh
1925,Sajal
1926,Satya
1927,Priyanshu
1928,Vikas
1929,Arpit
1930,Ritesh
1931,Sajal
1932,Satya
1933,Priyanshu
1934,Vikas
1935,Arpit
1936,Ritesh
1937,Sajal
1938,Satya
1939,Priyanshu
1940,Vikas
1941,Arpit
1942,Ritesh
1943,Sajal
1944,Satya
1945,Priyanshu
1946,Vikas
1947,Arpit
1948,Ritesh
1949,Sajal
1950,Satya
1951,Priyanshu
1952,Vikas
1953,Arpit
1954,Ritesh
1955,Sajal
1956,Satya
1957,Priyanshu
1958,Vikas
1959,Arpit
1960,Ritesh
1961,Sajal
1962,Satya
1963,Priyanshu
1964,Vikas
1965,Arpit
1966,Ritesh
1967,Sajal
1968,Satya
1969,Priyanshu
1970,Vikas
1971,Arpit
1972,Ritesh
1973,Sajal
1974,Satya
1975,Priyanshu
1976,Vikas
1977,Arpit
1978,Ritesh
1979,Sajal
1980,Satya
1981,Priyanshu
1982,Vikas
1983,Arpit
1984,Ritesh
1985,Sajal
1986,Satya
1987,Priyanshu
1988,Vikas
1989,Arpit
1990,Ritesh
1991,Sajal
1992,Satya
1993,Priyanshu
1994,Vikas
1995,Arpit
1996,Ritesh
1997,Sajal
1998,Satya
1999,Priyanshu
2000,Vikas
